{"root":[{"assemblyName":"Assembly-CSharp","nameSpace":"WebGLSupport","className":"WebGLWindow","methodName":"RuntimeInitializeOnLoadMethod","loadTypes":0,"isUnityClass":false},{"assemblyName":"Dan","nameSpace":"Dan.Main","className":"LeaderboardCreator","methodName":"Initialize","loadTypes":0,"isUnityClass":false},{"assemblyName":"Unity.VisualScripting.Core","nameSpace":"Unity.VisualScripting","className":"RuntimeVSUsageUtility","methodName":"RuntimeInitializeOnLoadBeforeSceneLoad","loadTypes":1,"isUnityClass":true}]}
